{
    "bias": {
        "value": -0.001430639219837129,
        "error": 2.1727160672847115e-05
    },
    "comb_coeff": {
        "value": -0.4777216748008201,
        "error": 0.008850476285557855
    },
    "jpsix_scale": {
        "value": 0.024773253939417005,
        "error": 0.0005896524889683892
    },
    "jpsix_shift": {
        "value": 5.136150104954775,
        "error": 0.0002967957909186436
    },
    "n_comb": {
        "value": 6725397.40331487,
        "error": 13725.15615711645
    },
    "n_jpsix": {
        "value": 1342072.6334620444,
        "error": 8462.160589645779
    },
    "n_sig": {
        "value": 7086153.936312027,
        "error": 8598.707092235125
    },
    "scale": {
        "value": 0.912206244419944,
        "error": 0.0012718838983895064
    }
}