{
    "bias": {
        "value": -0.000992836258429761,
        "error": 2.1717680934517782e-05
    },
    "comb_coeff": {
        "value": -0.4777344927069072,
        "error": 0.008877488278753494
    },
    "jpsix_scale": {
        "value": 0.024943240815001006,
        "error": 0.0005934315971982051
    },
    "jpsix_shift": {
        "value": 5.136252915263438,
        "error": 0.00029731632779352827
    },
    "n_comb": {
        "value": 6724405.875070848,
        "error": 13767.32799288237
    },
    "n_jpsix": {
        "value": 1344577.9043330436,
        "error": 8500.57362744074
    },
    "n_sig": {
        "value": 7084628.665893031,
        "error": 8599.7311169765
    },
    "scale": {
        "value": 0.8825614243398963,
        "error": 0.0012303192491185323
    }
}