{
    "alpha1": {
        "value": 1.6765066391802106,
        "error": 0.021053360540034594
    },
    "alpha2": {
        "value": 1.5172529339465803,
        "error": 0.023767326709160486
    },
    "n1": {
        "value": 2.927855013750628,
        "error": 0.08162731307388893
    },
    "n2": {
        "value": 6.1196802801436165,
        "error": 0.31207692480423654
    },
    "sig_mean": {
        "value": 5.2799409304418985,
        "error": 5.882459383910188e-05
    },
    "sig_sigma": {
        "value": 0.014022669568171943,
        "error": 7.139390423090402e-05
    }
}