{
    "bias": {
        "value": -0.0013491721391148028,
        "error": 2.1781540484400776e-05
    },
    "comb_coeff": {
        "value": -0.6036913280892603,
        "error": 0.0076809760437824915
    },
    "jpsix_scale": {
        "value": 0.0212244640396496,
        "error": 0.0005617881975975474
    },
    "jpsix_shift": {
        "value": 5.1347851370435675,
        "error": 0.00030004375201534886
    },
    "n_comb": {
        "value": 6955566.001543154,
        "error": 12039.910178071314
    },
    "n_jpsix": {
        "value": 1216007.438599751,
        "error": 7623.29300733951
    },
    "n_sig": {
        "value": 6981980.752942781,
        "error": 7977.673174212936
    },
    "scale": {
        "value": 1.199999999654363,
        "error": 3.812541248980632e-07
    }
}