{
    "alpha1": {
        "value": 1.3551725326046913,
        "error": 0.020508484629986112
    },
    "alpha2": {
        "value": 1.2213888261543724,
        "error": 0.020256949308829375
    },
    "n1": {
        "value": 4.4795299217521665,
        "error": 0.15326339536430167
    },
    "n2": {
        "value": 9.65624975419989,
        "error": 0.61161564240264
    },
    "sig_mean": {
        "value": 5.279969203957232,
        "error": 8.380696521870235e-05
    },
    "sig_sigma": {
        "value": 0.01726463182243722,
        "error": 0.00012450388627151948
    }
}