{
    "alpha1": {
        "value": 1.6885624407761728,
        "error": 0.021714622929511873
    },
    "alpha2": {
        "value": 1.5202005669809686,
        "error": 0.02244528596398232
    },
    "n1": {
        "value": 2.910313589996069,
        "error": 0.08322606452374703
    },
    "n2": {
        "value": 6.147104211202854,
        "error": 0.3038127693525108
    },
    "sig_mean": {
        "value": 5.279864425966731,
        "error": 5.8231482442216986e-05
    },
    "sig_sigma": {
        "value": 0.01402304037476595,
        "error": 6.963976557168572e-05
    }
}