{
    "bias": {
        "value": -0.0014514704985641761,
        "error": 2.1716916956094588e-05
    },
    "comb_coeff": {
        "value": -0.4698698774829339,
        "error": 0.00890594688843115
    },
    "jpsix_scale": {
        "value": 0.025035610764264807,
        "error": 0.0005924383709039476
    },
    "jpsix_shift": {
        "value": 5.136228871692507,
        "error": 0.0002968622319749914
    },
    "n_comb": {
        "value": 6708047.657196204,
        "error": 13777.285652791
    },
    "n_jpsix": {
        "value": 1350025.9751140154,
        "error": 8497.563315330955
    },
    "n_sig": {
        "value": 7095586.619435706,
        "error": 8617.666879698423
    },
    "scale": {
        "value": 0.9270970564789047,
        "error": 0.0012981449370310452
    }
}