{
    "alpha1": {
        "value": 1.3156916461492931,
        "error": 0.021253909461536047
    },
    "alpha2": {
        "value": 1.2295720306759657,
        "error": 0.012435214710256104
    },
    "n1": {
        "value": 4.993725098107603,
        "error": 0.19294323714532524
    },
    "n2": {
        "value": 9.999999960551627,
        "error": 0.23800737619971368
    },
    "sig_mean": {
        "value": 5.279467088216066,
        "error": 8.77364928775215e-05
    },
    "sig_sigma": {
        "value": 0.018517314346614633,
        "error": 0.00013077336566767045
    }
}