{
    "alpha1": {
        "value": 1.3563893152179436,
        "error": 0.02088944090198086
    },
    "alpha2": {
        "value": 1.2341292929255883,
        "error": 0.012808174639898362
    },
    "n1": {
        "value": 4.499848378269238,
        "error": 0.15642684117570882
    },
    "n2": {
        "value": 9.999930245029567,
        "error": 0.11013240899556642
    },
    "sig_mean": {
        "value": 5.279981545006995,
        "error": 8.213853929683879e-05
    },
    "sig_sigma": {
        "value": 0.01759720396324613,
        "error": 0.0001237121113333694
    }
}