{
    "alpha1": {
        "value": 1.6782470502826876,
        "error": 0.021579863591783655
    },
    "alpha2": {
        "value": 1.5802606975132791,
        "error": 0.023478166600571893
    },
    "n1": {
        "value": 3.0081280860208643,
        "error": 0.08845679761472902
    },
    "n2": {
        "value": 5.604457382300432,
        "error": 0.2658271176751539
    },
    "sig_mean": {
        "value": 5.279638723876005,
        "error": 6.076199122473369e-05
    },
    "sig_sigma": {
        "value": 0.014782857821424768,
        "error": 7.159294566295039e-05
    }
}