{
    "bias": {
        "value": -0.0009946983587105697,
        "error": 2.1964501527685855e-05
    },
    "comb_coeff": {
        "value": -0.5927574886958671,
        "error": 0.008095165425929435
    },
    "jpsix_scale": {
        "value": 0.02153965715367855,
        "error": 0.0005565433586011279
    },
    "jpsix_shift": {
        "value": 5.134921670401197,
        "error": 0.0002940242355772505
    },
    "n_comb": {
        "value": 6936331.467919444,
        "error": 12952.979493616567
    },
    "n_jpsix": {
        "value": 1227290.5085724557,
        "error": 7950.4780975876465
    },
    "n_sig": {
        "value": 6990061.928503528,
        "error": 8361.636669955558
    },
    "scale": {
        "value": 1.1582628632504728,
        "error": 0.0015302765529623175
    }
}