{
    "alpha1": {
        "value": 1.7374360623422067,
        "error": 0.021321726461474455
    },
    "alpha2": {
        "value": 1.5614317913048752,
        "error": 0.023934664911166026
    },
    "n1": {
        "value": 2.7373797547228627,
        "error": 0.0772057970551685
    },
    "n2": {
        "value": 6.070006352125711,
        "error": 0.3114689118750591
    },
    "sig_mean": {
        "value": 5.2796401302047276,
        "error": 5.945553926478553e-05
    },
    "sig_sigma": {
        "value": 0.01452602735193213,
        "error": 6.915418299740465e-05
    }
}