{
    "bias": {
        "value": -0.0012793512435332808,
        "error": 2.1771893092613073e-05
    },
    "comb_coeff": {
        "value": -0.6119966175726304,
        "error": 0.007646229799860613
    },
    "jpsix_scale": {
        "value": 0.021054623305702336,
        "error": 0.0005510591188468009
    },
    "jpsix_shift": {
        "value": 5.134742662796156,
        "error": 0.000294285855652197
    },
    "n_comb": {
        "value": 6970884.211025173,
        "error": 12036.66542052868
    },
    "n_jpsix": {
        "value": 1208734.1917584217,
        "error": 7588.671274421597
    },
    "n_sig": {
        "value": 6973917.482443863,
        "error": 8002.087284327751
    },
    "scale": {
        "value": 1.1999999957710694,
        "error": 1.2182344447626207e-06
    }
}