{
    "bias": {
        "value": -0.0008709868605497845,
        "error": 2.1714471971811076e-05
    },
    "comb_coeff": {
        "value": -0.477799727112728,
        "error": 0.00888216227249291
    },
    "jpsix_scale": {
        "value": 0.0249997982005693,
        "error": 0.0005943036234543014
    },
    "jpsix_shift": {
        "value": 5.136297132324759,
        "error": 0.0002974829315079666
    },
    "n_comb": {
        "value": 6725970.879652484,
        "error": 13774.58744026413
    },
    "n_jpsix": {
        "value": 1345342.7418386063,
        "error": 8511.259734570058
    },
    "n_sig": {
        "value": 7082327.60985394,
        "error": 8595.538442134779
    },
    "scale": {
        "value": 0.8622328593398834,
        "error": 0.0011993795929171977
    }
}