{
    "alpha1": {
        "value": 1.593038466774899,
        "error": 0.06692115171187595
    },
    "alpha2": {
        "value": 0.9002552160758608,
        "error": 0.027129117126289865
    },
    "comb_coeff": {
        "value": -8.330785082224795,
        "error": 0.3238482009188677
    },
    "jpsix_scale": {
        "value": 0.06913024952756852,
        "error": 8.926002588402044e-05
    },
    "jpsix_shift": {
        "value": 5.124327901910295,
        "error": 3.893811654182864e-05
    },
    "n1": {
        "value": 0.2704582616557829,
        "error": 0.04812229748042553
    },
    "n2": {
        "value": 0.8800632386233268,
        "error": 0.016954191064945702
    },
    "n_comb": {
        "value": 999236.5397593597,
        "error": 12576051.018604526
    },
    "n_jpsix": {
        "value": 62266.625229403304,
        "error": 1267.8487064583433
    },
    "n_sig": {
        "value": 25450552.74025777,
        "error": 687800.895661447
    }
}