{
    "alpha1": {
        "value": 1.3354690509454898,
        "error": 0.020279639390343385
    },
    "alpha2": {
        "value": 1.2260689574281973,
        "error": 0.012172028259950785
    },
    "n1": {
        "value": 4.769428806894408,
        "error": 0.1738498317713315
    },
    "n2": {
        "value": 9.999975874694123,
        "error": 0.17234350374219254
    },
    "sig_mean": {
        "value": 5.279551507367941,
        "error": 8.453545055919776e-05
    },
    "sig_sigma": {
        "value": 0.01812173150644406,
        "error": 0.00012249789043916257
    }
}