{
    "bias": {
        "value": -0.001046620531325728,
        "error": 2.198302442864442e-05
    },
    "comb_coeff": {
        "value": -0.6033725539569894,
        "error": 0.0081941035292846
    },
    "jpsix_scale": {
        "value": 0.021207804323757497,
        "error": 0.000566052899334173
    },
    "jpsix_shift": {
        "value": 5.1347397953519405,
        "error": 0.0003011224986045347
    },
    "n_comb": {
        "value": 6955813.159983877,
        "error": 13235.719065017136
    },
    "n_jpsix": {
        "value": 1214416.0260169168,
        "error": 8066.782445664006
    },
    "n_sig": {
        "value": 6983152.421744974,
        "error": 8450.197347722204
    },
    "scale": {
        "value": 1.181992929504995,
        "error": 0.0016282393270047972
    }
}